<?xml version="1.0" encoding="UTF-8"?>
<GenRun Id="inst_mem_synth_1" LaunchPart="xc7a35tcpg236-1" LaunchTime="1701102530">
  <File Type="PA-TCL" Name="inst_mem.tcl"/>
  <File Type="REPORTS-TCL" Name="inst_mem_reports.tcl"/>
  <File Type="RDS-RDS" Name="inst_mem.vds"/>
  <File Type="RDS-UTIL" Name="inst_mem_utilization_synth.rpt"/>
  <File Type="RDS-UTIL-PB" Name="inst_mem_utilization_synth.pb"/>
  <File Type="RDS-DCP" Name="inst_mem.dcp"/>
  <FileSet Name="sources" Type="BlockSrcs" RelSrcDir="$PSRCDIR/inst_mem">
    <File Path="$PSRCDIR/sources_1/ip/inst_mem/inst_mem.xci">
      <FileInfo>
        <Attr Name="UsedIn" Val="synthesis"/>
        <Attr Name="UsedIn" Val="implementation"/>
        <Attr Name="UsedIn" Val="simulation"/>
      </FileInfo>
    </File>
    <Config>
      <Option Name="TopModule" Val="inst_mem"/>
      <Option Name="UseBlackboxStub" Val="1"/>
    </Config>
  </FileSet>
  <FileSet Name="constrs_in" Type="BlockSrcs" RelSrcDir="$PSRCDIR/inst_mem">
    <File Path="$PSRCDIR/sources_1/ip/inst_mem/inst_mem.xci">
      <FileInfo>
        <Attr Name="UsedIn" Val="synthesis"/>
        <Attr Name="UsedIn" Val="implementation"/>
        <Attr Name="UsedIn" Val="simulation"/>
      </FileInfo>
    </File>
    <Config>
      <Option Name="TopModule" Val="inst_mem"/>
      <Option Name="UseBlackboxStub" Val="1"/>
    </Config>
  </FileSet>
  <Strategy Version="1" Minor="2">
    <StratHandle Name="Vivado Synthesis Defaults" Flow="Vivado Synthesis 2017"/>
    <Step Id="synth_design"/>
  </Strategy>
</GenRun>
