<?xml version="1.0" encoding="UTF-8"?>
<GenRun Id="impl_1" LaunchPart="xc7a35tcpg236-1" LaunchTime="1699173101">
  <File Type="PWROPT-DCP" Name="memory_pwropt.dcp"/>
  <File Type="ROUTE-PWR" Name="memory_power_routed.rpt"/>
  <File Type="PA-TCL" Name="memory.tcl"/>
  <File Type="ROUTE-PWR-SUM" Name="memory_power_summary_routed.pb"/>
  <File Type="REPORTS-TCL" Name="memory_reports.tcl"/>
  <File Type="BG-DRC" Name="memory.drc"/>
  <File Type="OPT-METHODOLOGY-DRC" Name="memory_methodology_drc_opted.rpt"/>
  <File Type="INIT-TIMING" Name="memory_timing_summary_init.rpt"/>
  <File Type="OPT-HWDEF" Name="memory.hwdef"/>
  <File Type="OPT-DCP" Name="memory_opt.dcp"/>
  <File Type="OPT-DRC" Name="memory_drc_opted.rpt"/>
  <File Type="OPT-TIMING" Name="memory_timing_summary_opted.rpt"/>
  <File Type="PWROPT-DRC" Name="memory_drc_pwropted.rpt"/>
  <File Type="PWROPT-TIMING" Name="memory_timing_summary_pwropted.rpt"/>
  <File Type="PLACE-DCP" Name="memory_placed.dcp"/>
  <File Type="PLACE-IO" Name="memory_io_placed.rpt"/>
  <File Type="PLACE-CLK" Name="memory_clock_utilization_placed.rpt"/>
  <File Type="PLACE-UTIL" Name="memory_utilization_placed.rpt"/>
  <File Type="PLACE-UTIL-PB" Name="memory_utilization_placed.pb"/>
  <File Type="PLACE-CTRL" Name="memory_control_sets_placed.rpt"/>
  <File Type="PLACE-SIMILARITY" Name="memory_incremental_reuse_placed.rpt"/>
  <File Type="PLACE-PRE-SIMILARITY" Name="memory_incremental_reuse_pre_placed.rpt"/>
  <File Type="PLACE-TIMING" Name="memory_timing_summary_placed.rpt"/>
  <File Type="POSTPLACE-PWROPT-DCP" Name="memory_postplace_pwropt.dcp"/>
  <File Type="POSTPLACE-PWROPT-TIMING" Name="memory_timing_summary_postplace_pwropted.rpt"/>
  <File Type="PHYSOPT-DCP" Name="memory_physopt.dcp"/>
  <File Type="PHYSOPT-DRC" Name="memory_drc_physopted.rpt"/>
  <File Type="BG-BIT" Name="memory.bit"/>
  <File Type="PHYSOPT-TIMING" Name="memory_timing_summary_physopted.rpt"/>
  <File Type="ROUTE-ERROR-DCP" Name="memory_routed_error.dcp"/>
  <File Type="ROUTE-DCP" Name="memory_routed.dcp"/>
  <File Type="ROUTE-BLACKBOX-DCP" Name="memory_routed_bb.dcp"/>
  <File Type="ROUTE-DRC" Name="memory_drc_routed.rpt"/>
  <File Type="ROUTE-DRC-PB" Name="memory_drc_routed.pb"/>
  <File Type="BITSTR-MSK" Name="memory.msk"/>
  <File Type="ROUTE-DRC-RPX" Name="memory_drc_routed.rpx"/>
  <File Type="BG-BGN" Name="memory.bgn"/>
  <File Type="ROUTE-METHODOLOGY-DRC" Name="memory_methodology_drc_routed.rpt"/>
  <File Type="BITSTR-RBT" Name="memory.rbt"/>
  <File Type="ROUTE-METHODOLOGY-DRC-RPX" Name="memory_methodology_drc_routed.rpx"/>
  <File Type="BG-BIN" Name="memory.bin"/>
  <File Type="ROUTE-METHODOLOGY-DRC-PB" Name="memory_methodology_drc_routed.pb"/>
  <File Type="ROUTE-PWR-RPX" Name="memory_power_routed.rpx"/>
  <File Type="ROUTE-STATUS" Name="memory_route_status.rpt"/>
  <File Type="ROUTE-STATUS-PB" Name="memory_route_status.pb"/>
  <File Type="ROUTE-TIMINGSUMMARY" Name="memory_timing_summary_routed.rpt"/>
  <File Type="ROUTE-TIMING-PB" Name="memory_timing_summary_routed.pb"/>
  <File Type="ROUTE-TIMING-RPX" Name="memory_timing_summary_routed.rpx"/>
  <File Type="ROUTE-SIMILARITY" Name="memory_incremental_reuse_routed.rpt"/>
  <File Type="RDI-RDI" Name="memory.vdi"/>
  <File Type="ROUTE-CLK" Name="memory_clock_utilization_routed.rpt"/>
  <File Type="POSTROUTE-PHYSOPT-DCP" Name="memory_postroute_physopt.dcp"/>
  <File Type="POSTROUTE-PHYSOPT-BLACKBOX-DCP" Name="memory_postroute_physopt_bb.dcp"/>
  <File Type="POSTROUTE-PHYSOPT-TIMING" Name="memory_timing_summary_postroute_physopted.rpt"/>
  <File Type="POSTROUTE-PHYSOPT-TIMING-PB" Name="memory_timing_summary_postroute_physopted.pb"/>
  <File Type="POSTROUTE-PHYSOPT-TIMING-RPX" Name="memory_timing_summary_postroute_physopted.rpx"/>
  <File Type="BITSTR-NKY" Name="memory.nky"/>
  <File Type="BITSTR-BMM" Name="memory_bd.bmm"/>
  <File Type="BITSTR-MMI" Name="memory.mmi"/>
  <File Type="BITSTR-LTX" Name="debug_nets.ltx"/>
  <File Type="BITSTR-LTX" Name="memory.ltx"/>
  <File Type="BITSTR-SYSDEF" Name="memory.sysdef"/>
  <File Type="WBT-USG" Name="usage_statistics_webtalk.html"/>
  <FileSet Name="sources" Type="DesignSrcs" RelSrcDir="$PSRCDIR/sources_1">
    <Filter Type="Srcs"/>
    <File Path="$PSRCDIR/sources_1/new/decorder.v">
      <FileInfo>
        <Attr Name="UsedIn" Val="synthesis"/>
        <Attr Name="UsedIn" Val="implementation"/>
        <Attr Name="UsedIn" Val="simulation"/>
      </FileInfo>
    </File>
    <File Path="$PSRCDIR/sources_1/new/memory.v">
      <FileInfo>
        <Attr Name="UsedIn" Val="synthesis"/>
        <Attr Name="UsedIn" Val="implementation"/>
        <Attr Name="UsedIn" Val="simulation"/>
      </FileInfo>
    </File>
    <File Path="$PPRDIR/../memory.coe">
      <FileInfo>
        <Attr Name="UsedIn" Val="synthesis"/>
        <Attr Name="UsedIn" Val="simulation"/>
      </FileInfo>
    </File>
    <Config>
      <Option Name="DesignMode" Val="RTL"/>
      <Option Name="TopModule" Val="memory"/>
      <Option Name="TopAutoSet" Val="TRUE"/>
    </Config>
  </FileSet>
  <FileSet Name="constrs_in" Type="Constrs" RelSrcDir="$PSRCDIR/constrs_1">
    <Filter Type="Constrs"/>
    <File Path="$PSRCDIR/constrs_1/new/memory.xdc">
      <FileInfo>
        <Attr Name="UsedIn" Val="synthesis"/>
        <Attr Name="UsedIn" Val="implementation"/>
      </FileInfo>
    </File>
    <Config>
      <Option Name="ConstrsType" Val="XDC"/>
    </Config>
  </FileSet>
  <Strategy Version="1" Minor="2">
    <StratHandle Name="Vivado Implementation Defaults" Flow="Vivado Implementation 2017">
      <Desc>Default settings for Implementation.</Desc>
    </StratHandle>
    <Step Id="init_design"/>
    <Step Id="opt_design"/>
    <Step Id="power_opt_design"/>
    <Step Id="place_design"/>
    <Step Id="post_place_power_opt_design"/>
    <Step Id="phys_opt_design"/>
    <Step Id="route_design"/>
    <Step Id="post_route_phys_opt_design"/>
    <Step Id="write_bitstream"/>
  </Strategy>
  <BlockFileSet Type="BlockSrcs" Name="blk_mem_gen_0"/>
</GenRun>
